customer_id,total_transactions,total_volume,avg_transaction_amount,max_transaction_amount,cross_border_ratio,high_risk_country_ratio,cash_ratio,wire_ratio,unique_counterparties,kyc_risk,pep_flag,expected_monthly_volume,max_expected_ratio,risk_score,risk_level
CUST1000,46,73515.5,1598.1630434782608,7554.27,0.32608695652173914,0.06521739130434782,0.1956521739130435,0.1956521739130435,46,Low,0,4304.87,4.8963871150580625,50,Moderate
CUST1001,58,108044.17,1862.8305172413793,11791.73,0.4827586206896552,0.10344827586206896,0.25862068965517243,0.10344827586206896,57,Medium,0,1453.54,15.360444157023544,67,High
CUST1002,42,90881.73,2163.8507142857143,16954.02,0.6190476190476191,0.16666666666666666,0.2857142857142857,0.23809523809523808,42,Low,0,9230.29,2.921700184934601,55,Moderate
CUST1003,46,104010.24,2261.0921739130436,8406.22,0.5,0.08695652173913043,0.21739130434782608,0.08695652173913043,46,Low,0,11785.2,1.867885992600889,35,Moderate
CUST1004,59,116278.93,1970.8293220338983,13637.28,0.4745762711864407,0.05084745762711865,0.3050847457627119,0.0847457627118644,59,Low,0,3709.21,5.84963914148835,60,High
CUST1005,59,163100.2,2764.4101694915257,12807.98,0.4915254237288136,0.0847457627118644,0.23728813559322035,0.1864406779661017,58,Low,0,3156.31,10.697314268877266,50,Moderate
CUST1006,43,100056.77,2326.901627906977,16392.04,0.4883720930232558,0.046511627906976744,0.27906976744186046,0.11627906976744186,43,Low,0,1271.07,14.953307056259687,40,Moderate
CUST1007,54,106904.82,1979.718888888889,9870.88,0.35185185185185186,0.05555555555555555,0.25925925925925924,0.09259259259259259,53,Low,0,6465.0,4.852900232018562,60,High
CUST1008,39,91097.83,2335.8417948717947,10621.22,0.358974358974359,0.02564102564102564,0.3076923076923077,0.07692307692307693,39,Low,0,21088.47,0.7346279744334226,15,Low
CUST1009,54,146275.36,2708.8029629629627,11584.16,0.2962962962962963,0.14814814814814814,0.2037037037037037,0.05555555555555555,53,Low,0,5802.96,6.111450018611191,50,Moderate
CUST1010,51,98678.08,1934.8643137254903,9664.45,0.29411764705882354,0.0,0.1568627450980392,0.13725490196078433,51,Low,0,8278.42,3.331211752967354,30,Moderate
CUST1011,45,87785.94,1950.7986666666668,7295.19,0.26666666666666666,0.044444444444444446,0.2222222222222222,0.08888888888888889,45,Medium,0,5178.95,3.9300109095473026,37,Moderate
CUST1012,55,124778.64,2268.7025454545455,14277.75,0.3090909090909091,0.07272727272727272,0.21818181818181817,0.16363636363636364,52,Low,1,1919.35,16.21917315757939,65,High
CUST1013,56,130233.74,2325.6025,10459.44,0.32142857142857145,0.07142857142857142,0.21428571428571427,0.14285714285714285,54,Low,0,8680.52,2.750438913797791,35,Moderate
CUST1014,50,340692.56,6813.8512,80842.0,0.44,0.22,0.18,0.2,49,Low,0,1631.94,65.12143828817236,50,Moderate
CUST1015,50,118924.27,2378.4854,10871.18,0.36,0.04,0.2,0.18,50,Medium,0,3175.02,6.930712247481906,37,Moderate
CUST1016,45,90690.54,2015.3453333333332,6803.0,0.35555555555555557,0.13333333333333333,0.2222222222222222,0.13333333333333333,44,Low,0,4364.48,5.621595241586627,50,Moderate
CUST1017,51,128398.49,2517.6174509803923,25144.12,0.49019607843137253,0.0784313725490196,0.1568627450980392,0.13725490196078433,50,Low,0,6463.27,5.603516486236843,50,Moderate
CUST1018,54,115293.73,2135.069074074074,17306.58,0.37037037037037035,0.037037037037037035,0.2037037037037037,0.16666666666666666,53,Medium,0,4771.38,5.022161303438419,37,Moderate
CUST1019,66,166680.62,2525.463939393939,9765.6,0.30303030303030304,0.07575757575757576,0.30303030303030304,0.13636363636363635,64,Low,0,4681.82,8.474608165200712,60,High
CUST1020,48,123851.78,2580.2454166666666,14217.87,0.4583333333333333,0.041666666666666664,0.375,0.14583333333333334,48,High,0,2219.49,11.993994115765334,55,Moderate
CUST1021,57,156580.3,2747.0228070175435,14978.18,0.42105263157894735,0.05263157894736842,0.22807017543859648,0.15789473684210525,57,High,0,1574.84,28.142008077011003,65,High
CUST1022,40,77170.59,1929.2647499999998,12295.37,0.275,0.075,0.275,0.175,39,Low,0,3789.4,7.3572333350926264,50,Moderate
CUST1023,54,116578.47,2158.8605555555555,11812.24,0.25925925925925924,0.09259259259259259,0.2777777777777778,0.16666666666666666,54,Medium,0,2294.74,13.409118244332694,67,High
CUST1024,44,128792.9,2927.1113636363634,9174.33,0.38636363636363635,0.11363636363636363,0.4090909090909091,0.09090909090909091,43,Low,0,1556.1,19.697988561146456,60,High
CUST1025,48,116071.91,2418.1647916666666,12365.56,0.4791666666666667,0.0625,0.2916666666666667,0.125,47,Low,0,1599.0,22.091413383364603,60,High
CUST1026,59,121048.87,2051.6757627118645,18675.54,0.3389830508474576,0.06779661016949153,0.2542372881355932,0.13559322033898305,59,Low,0,2647.62,10.629444557753757,60,High
CUST1027,61,112930.29,1851.3162295081966,8643.86,0.4098360655737705,0.08196721311475409,0.19672131147540983,0.09836065573770492,61,Medium,0,1092.06,21.83949599838837,57,Moderate
CUST1028,46,102435.88,2226.866956521739,14757.66,0.30434782608695654,0.043478260869565216,0.21739130434782608,0.06521739130434782,46,High,0,1516.48,14.807363104030387,45,Moderate
CUST1029,58,188312.63,3246.7694827586206,19449.96,0.3448275862068966,0.15517241379310345,0.3103448275862069,0.15517241379310345,58,Low,0,1257.85,33.59608856381922,60,High
CUST1030,47,107966.97,2297.169574468085,12791.87,0.3404255319148936,0.02127659574468085,0.14893617021276595,0.1702127659574468,47,Medium,0,4098.88,10.934272289015537,37,Moderate
CUST1031,44,73939.77,1680.4493181818182,8660.73,0.5,0.1590909090909091,0.09090909090909091,0.3181818181818182,43,Low,0,4746.63,4.948696232906293,60,High
CUST1032,45,83531.86,1856.2635555555555,8925.69,0.4444444444444444,0.17777777777777778,0.2222222222222222,0.15555555555555556,45,Low,1,13421.88,1.316194154619174,50,Moderate
CUST1033,54,112782.74,2088.5692592592595,10034.16,0.3333333333333333,0.05555555555555555,0.3148148148148148,0.1111111111111111,54,High,0,1375.55,23.825255352404493,75,High
CUST1034,43,83412.8,1939.832558139535,10897.77,0.46511627906976744,0.11627906976744186,0.18604651162790697,0.16279069767441862,43,Medium,0,2340.83,6.929866756663235,57,Moderate
CUST1035,66,156785.28,2375.5345454545454,18776.89,0.42424242424242425,0.045454545454545456,0.3181818181818182,0.16666666666666666,66,Low,0,6589.27,5.88921231031662,40,Moderate
CUST1036,53,109989.18,2075.267547169811,18467.62,0.4528301886792453,0.03773584905660377,0.11320754716981132,0.16981132075471697,52,High,0,3162.43,11.844609999272711,45,Moderate
CUST1037,45,201285.4,4473.008888888889,19713.82,0.4222222222222222,0.044444444444444446,0.3111111111111111,0.06666666666666667,45,Low,0,2943.78,30.09897818451107,40,Moderate
CUST1038,44,84251.08,1914.7972727272727,14514.06,0.29545454545454547,0.045454545454545456,0.1590909090909091,0.022727272727272728,42,Low,0,11058.56,1.7910984793680191,15,Low
CUST1039,56,100191.53,1789.1344642857143,15360.13,0.44642857142857145,0.10714285714285714,0.23214285714285715,0.10714285714285714,53,Low,0,2922.04,8.921479514311919,50,Moderate
CUST1040,49,101137.42,2064.0289795918366,14495.26,0.32653061224489793,0.061224489795918366,0.16326530612244897,0.16326530612244897,49,High,0,1717.24,15.237136335049264,65,High
CUST1041,58,122229.89,2107.411896551724,28583.59,0.4482758620689655,0.13793103448275862,0.20689655172413793,0.1724137931034483,54,Low,0,1546.87,33.359151059882215,50,Moderate
CUST1042,50,94966.02,1899.3204,19331.21,0.48,0.08,0.18,0.16,49,High,0,4528.75,8.687169748826939,65,High
CUST1043,43,67441.74,1568.412558139535,7616.56,0.32558139534883723,0.0,0.16279069767441862,0.11627906976744186,43,Medium,0,4439.99,3.932463811855432,37,Moderate
CUST1044,52,167460.03,3220.3851923076923,15816.73,0.3269230769230769,0.038461538461538464,0.34615384615384615,0.057692307692307696,52,Low,0,1492.78,20.87771138412894,40,Moderate
CUST1045,53,117632.06,2219.4728301886794,16736.33,0.32075471698113206,0.09433962264150944,0.2641509433962264,0.11320754716981132,52,Low,0,1918.87,14.034291015024468,60,High
CUST1046,51,110621.8,2169.0549019607843,26896.52,0.43137254901960786,0.09803921568627451,0.27450980392156865,0.0784313725490196,51,Low,0,5154.18,8.12574648149657,60,High
CUST1047,48,108032.39,2250.674791666667,10762.38,0.375,0.10416666666666667,0.125,0.1875,48,Low,0,5298.74,5.885463336566807,50,Moderate
CUST1048,49,164966.24,3366.6579591836735,23698.47,0.2653061224489796,0.08163265306122448,0.2857142857142857,0.061224489795918366,48,Medium,0,2396.84,15.553729076617547,67,High
CUST1049,53,155030.49,2925.1035849056602,19933.29,0.5094339622641509,0.05660377358490566,0.22641509433962265,0.1320754716981132,53,Medium,0,5455.83,6.632752486789361,57,Moderate
CUST1050,52,131745.07,2533.5590384615384,39073.07,0.38461538461538464,0.1346153846153846,0.23076923076923078,0.09615384615384616,52,High,0,5280.13,11.80519040250903,65,High
CUST1051,53,111695.07,2107.454150943396,14438.96,0.3584905660377358,0.018867924528301886,0.2830188679245283,0.05660377358490566,52,Low,0,1142.53,25.85119865561517,40,Moderate
CUST1052,49,80778.22,1648.5351020408164,8374.75,0.30612244897959184,0.061224489795918366,0.30612244897959184,0.14285714285714285,48,Medium,0,2972.5,6.573708999158956,67,High
CUST1053,49,113850.49,2323.479387755102,14317.81,0.3877551020408163,0.061224489795918366,0.10204081632653061,0.1836734693877551,47,Low,0,4768.71,6.603263775738093,50,Moderate
CUST1054,55,101203.13,1840.0569090909091,12531.02,0.38181818181818183,0.10909090909090909,0.2,0.12727272727272726,55,Medium,0,2508.65,11.44863572040739,57,Moderate
CUST1055,48,144605.61,3012.6168749999997,25730.8,0.375,0.10416666666666667,0.16666666666666666,0.0625,47,High,0,906.59,43.31241244664071,65,High
CUST1056,45,105822.86,2351.619111111111,19696.18,0.4666666666666667,0.06666666666666667,0.15555555555555556,0.2,45,High,0,3029.16,9.364955961388636,65,High
CUST1057,44,92002.82,2090.973181818182,12451.89,0.4318181818181818,0.09090909090909091,0.1590909090909091,0.11363636363636363,42,Low,0,5936.41,5.530103210526227,50,Moderate
CUST1058,59,136855.49,2319.5845762711865,14533.28,0.3728813559322034,0.0847457627118644,0.288135593220339,0.1016949152542373,57,Low,0,10170.67,2.586558211012647,45,Moderate
CUST1059,48,115060.29,2397.089375,11940.72,0.3125,0.020833333333333332,0.14583333333333334,0.16666666666666666,48,High,0,876.55,24.721350750099823,45,Moderate
CUST1060,49,97106.47,1981.764693877551,8674.06,0.3877551020408163,0.08163265306122448,0.1836734693877551,0.12244897959183673,48,High,0,19903.66,1.1408841388970672,50,Moderate
CUST1061,52,144451.55,2777.914423076923,15896.08,0.3269230769230769,0.07692307692307693,0.19230769230769232,0.09615384615384616,52,Low,0,1749.98,18.421879107189795,50,Moderate
CUST1062,56,211839.11,3782.84125,23780.44,0.48214285714285715,0.10714285714285714,0.10714285714285714,0.125,54,High,0,6782.03,15.844144009979312,65,High
CUST1063,54,132382.02,2451.518888888889,11975.84,0.42592592592592593,0.1111111111111111,0.1111111111111111,0.12962962962962962,51,Low,0,8121.16,2.729193859005364,35,Moderate
CUST1064,49,85446.7,1743.8102040816325,7546.28,0.3877551020408163,0.061224489795918366,0.14285714285714285,0.16326530612244897,49,Low,0,6897.82,2.4122316905921,35,Moderate
CUST1065,48,82839.53,1725.8235416666666,14043.74,0.2708333333333333,0.0625,0.25,0.20833333333333334,47,Medium,0,4012.83,6.568426771131596,67,High
CUST1066,49,105718.14,2157.51306122449,12628.26,0.4489795918367347,0.08163265306122448,0.2653061224489796,0.12244897959183673,48,Low,0,1711.42,10.57551623797782,60,High
CUST1067,45,81054.74,1801.2164444444445,8321.15,0.2222222222222222,0.044444444444444446,0.17777777777777778,0.17777777777777778,45,Low,0,5471.25,3.7248745716244005,30,Moderate
CUST1068,37,135891.69,3672.748378378378,40190.39,0.4594594594594595,0.13513513513513514,0.1891891891891892,0.13513513513513514,37,Low,1,2287.23,20.27295462196631,55,Moderate
CUST1069,49,90458.94,1846.1008163265305,10841.55,0.42857142857142855,0.12244897959183673,0.16326530612244897,0.1836734693877551,48,Low,0,706.45,26.757675702455938,50,Moderate
CUST1070,58,226889.58,3911.889310344827,24237.47,0.3448275862068966,0.05172413793103448,0.20689655172413793,0.15517241379310345,54,Low,0,22897.53,4.7248187904983645,50,Moderate
CUST1071,63,150535.13999999998,2389.4466666666663,15792.35,0.4126984126984127,0.12698412698412698,0.19047619047619047,0.1746031746031746,62,Low,0,5769.07,5.023497721469838,50,Moderate
CUST1072,48,102899.01,2143.729375,15422.19,0.3125,0.041666666666666664,0.10416666666666667,0.16666666666666666,47,Medium,0,11869.77,1.808356859484219,22,Low
CUST1073,54,181285.48,3357.1385185185186,24312.16,0.37037037037037035,0.16666666666666666,0.24074074074074073,0.2037037037037037,53,Low,0,2013.13,55.632090327003226,60,High
CUST1074,41,73240.79,1786.360731707317,6463.4,0.36585365853658536,0.07317073170731707,0.24390243902439024,0.14634146341463414,41,Medium,0,9451.01,1.5306131302368742,42,Moderate
CUST1075,49,108935.64,2223.176326530612,7758.93,0.3877551020408163,0.20408163265306123,0.24489795918367346,0.14285714285714285,48,Medium,0,10233.43,3.183987187091718,57,Moderate
CUST1076,50,72729.13,1454.5826000000002,9474.89,0.38,0.08,0.18,0.16,50,Low,0,10001.17,2.2115272513115967,35,Moderate
CUST1077,54,158177.37,2929.2105555555554,11571.83,0.35185185185185186,0.05555555555555555,0.2962962962962963,0.14814814814814814,54,Low,0,3591.11,12.31907126208888,60,High
CUST1078,42,80289.34999999999,1911.6511904761903,9898.13,0.5,0.14285714285714285,0.19047619047619047,0.047619047619047616,42,Low,0,1666.36,15.129245781223746,50,Moderate
CUST1079,44,171441.8,3896.4045454545453,18849.77,0.3181818181818182,0.06818181818181818,0.20454545454545456,0.22727272727272727,44,Low,0,3244.6,28.341142205510696,60,High
CUST1080,56,124201.52,2217.884285714286,20110.18,0.375,0.07142857142857142,0.19642857142857142,0.16071428571428573,56,Medium,0,869.75,47.73283127335441,57,Moderate
CUST1081,58,128960.46,2223.456206896552,18366.95,0.39655172413793105,0.06896551724137931,0.27586206896551724,0.13793103448275862,57,Low,0,1204.35,23.35280441732055,60,High
CUST1082,58,140235.66,2417.8562068965516,17059.67,0.3793103448275862,0.10344827586206896,0.2413793103448276,0.15517241379310345,56,Low,0,3865.17,7.843344535945379,50,Moderate
CUST1083,51,85853.7,1683.405882352941,12161.6,0.29411764705882354,0.0196078431372549,0.19607843137254902,0.09803921568627451,51,Medium,0,1911.4,8.909725855393951,37,Moderate
CUST1084,49,163698.65,3340.788775510204,40333.52,0.46938775510204084,0.04081632653061224,0.24489795918367346,0.12244897959183673,48,Low,0,3271.85,16.66212081849718,30,Moderate
CUST1085,61,135572.8,2222.504918032787,19835.42,0.4426229508196721,0.08196721311475409,0.22950819672131148,0.11475409836065574,60,Low,0,3391.92,8.332616924927473,50,Moderate
CUST1086,51,58921.37,1155.320980392157,5791.65,0.49019607843137253,0.0784313725490196,0.2549019607843137,0.11764705882352941,49,Medium,0,12771.52,1.2606854939740924,52,Moderate
CUST1087,45,100842.45999999999,2240.9435555555556,29728.19,0.24444444444444444,0.08888888888888889,0.2222222222222222,0.13333333333333333,44,Medium,0,8462.99,4.354748144568291,57,Moderate
CUST1088,49,110584.69,2256.8304081632655,26304.66,0.46938775510204084,0.10204081632653061,0.24489795918367346,0.12244897959183673,48,Low,0,3536.29,9.012377378552099,50,Moderate
CUST1089,50,115966.0,2319.32,11546.67,0.28,0.06,0.28,0.1,50,Medium,0,7988.71,2.551493294912445,52,Moderate
CUST1090,51,111691.0,2190.0196078431372,8577.32,0.27450980392156865,0.0392156862745098,0.27450980392156865,0.13725490196078433,51,Low,0,2193.35,12.258960038297582,40,Moderate
CUST1091,47,130979.91,2786.806595744681,15968.9,0.3829787234042553,0.1276595744680851,0.2978723404255319,0.10638297872340426,46,Low,0,2924.9,8.538418407466922,60,High
CUST1092,46,126925.49,2759.2497826086956,20540.49,0.43478260869565216,0.15217391304347827,0.1956521739130435,0.13043478260869565,46,Low,0,6579.05,4.6498339425904955,50,Moderate
CUST1093,69,144840.81,2099.1421739130433,25232.8,0.36231884057971014,0.057971014492753624,0.18840579710144928,0.17391304347826086,68,Low,0,1624.44,25.542340745118317,50,Moderate
CUST1094,50,104598.28,2091.9656,11813.7,0.44,0.1,0.38,0.1,48,Low,0,3037.11,8.094866501377954,60,High
CUST1095,38,65053.44,1711.9326315789474,10833.04,0.2894736842105263,0.02631578947368421,0.18421052631578946,0.15789473684210525,37,Medium,0,1542.95,17.82079782235328,27,Low
CUST1096,60,88211.96,1470.1993333333335,7851.96,0.4,0.03333333333333333,0.25,0.16666666666666666,60,Medium,0,3929.85,4.740244538595621,37,Moderate
CUST1097,39,89579.1,2296.9,10439.74,0.2564102564102564,0.05128205128205128,0.4358974358974359,0.10256410256410256,39,Low,0,10521.07,1.7449536976752364,35,Moderate
CUST1098,58,137712.52,2374.353793103448,12586.42,0.43103448275862066,0.10344827586206896,0.15517241379310345,0.1896551724137931,57,Medium,0,2233.08,15.81704641123471,57,Moderate
CUST1099,38,297194.14999999997,7820.898684210525,78479.98,0.5,0.13157894736842105,0.18421052631578946,0.15789473684210525,38,Low,0,4216.76,19.366437738927516,40,Moderate
CUST1100,57,78939.56,1384.9045614035088,7162.43,0.3157894736842105,0.017543859649122806,0.2807017543859649,0.12280701754385964,57,High,0,2031.93,7.820751699123494,55,Moderate
CUST1101,56,120201.53,2146.4558928571428,16739.4,0.3392857142857143,0.07142857142857142,0.17857142857142858,0.14285714285714285,54,Low,0,1724.67,16.901534786364927,50,Moderate
CUST1102,47,324549.35,6905.305319148935,89504.09,0.46808510638297873,0.14893617021276595,0.14893617021276595,0.3191489361702128,47,Low,0,1630.59,56.5807223152356,60,High
CUST1103,56,129209.27,2307.3083928571427,11040.51,0.30357142857142855,0.07142857142857142,0.14285714285714285,0.21428571428571427,55,Low,0,9373.0,3.8929979729008855,60,High
CUST1104,39,112079.42,2873.831282051282,16660.89,0.3333333333333333,0.07692307692307693,0.15384615384615385,0.1794871794871795,39,High,0,16908.69,1.9931922579454706,40,Moderate
CUST1105,37,80322.06999999999,2170.8667567567563,10619.31,0.2972972972972973,0.10810810810810811,0.2702702702702703,0.21621621621621623,37,Low,0,4983.95,4.454737708042817,60,High
CUST1106,61,139450.17,2286.0683606557377,12698.08,0.4098360655737705,0.14754098360655737,0.14754098360655737,0.18032786885245902,61,Medium,0,2285.66,10.465384177874224,57,Moderate
CUST1107,45,100528.86,2233.9746666666665,15150.31,0.4222222222222222,0.06666666666666667,0.2222222222222222,0.1111111111111111,45,High,0,5757.04,4.609943651598738,65,High
CUST1108,64,215210.87,3362.66984375,23306.18,0.5,0.09375,0.109375,0.125,63,High,0,2929.8,35.97369445013311,65,High
CUST1109,46,166185.56,3612.729565217391,10274.83,0.391304347826087,0.08695652173913043,0.3695652173913043,0.1956521739130435,45,Low,0,6129.75,9.136935437823729,60,High
CUST1110,50,87950.83,1759.0166,11299.55,0.44,0.14,0.28,0.2,49,Low,0,4399.06,4.060853909698889,60,High
CUST1111,50,84515.29,1690.3057999999999,7700.29,0.36,0.06,0.26,0.08,50,Medium,0,4366.9,3.067949804208936,67,High
CUST1112,51,122100.53,2394.1280392156864,10468.18,0.47058823529411764,0.058823529411764705,0.21568627450980393,0.17647058823529413,51,Medium,0,5403.11,7.2624729091208575,57,Moderate
CUST1113,62,97660.63,1575.1714516129034,8007.3,0.43548387096774194,0.08064516129032258,0.20967741935483872,0.0967741935483871,62,Low,0,2498.21,14.61359533425933,50,Moderate
CUST1114,52,109388.82,2103.631153846154,12497.39,0.3269230769230769,0.07692307692307693,0.17307692307692307,0.17307692307692307,52,Low,0,2799.4,8.916110595127526,50,Moderate
CUST1115,58,112411.79,1938.1343103448276,11830.55,0.3448275862068966,0.05172413793103448,0.20689655172413793,0.22413793103448276,57,Low,0,1189.38,24.023642570078525,60,High
CUST1116,59,395585.57,6704.840169491526,82008.79,0.4067796610169492,0.1694915254237288,0.3050847457627119,0.11864406779661017,57,Low,0,2731.99,48.656327438973065,60,High
CUST1117,44,104310.32,2370.689090909091,14160.26,0.36363636363636365,0.045454545454545456,0.29545454545454547,0.11363636363636363,44,Low,0,1444.45,18.00574613174565,40,Moderate
CUST1118,56,124345.86,2220.4617857142857,18713.98,0.35714285714285715,0.03571428571428571,0.19642857142857142,0.16071428571428573,54,Low,0,3314.15,11.128168610352578,30,Moderate
CUST1119,37,60670.49,1639.742972972973,7822.36,0.5135135135135135,0.08108108108108109,0.1891891891891892,0.1891891891891892,37,Low,0,1953.82,9.13111750314768,40,Moderate
CUST1120,59,115090.17,1950.6808474576271,10506.21,0.3898305084745763,0.1016949152542373,0.3728813559322034,0.11864406779661017,57,Low,0,3888.59,5.086031183539534,60,High
CUST1121,48,105627.9,2200.5812499999997,15582.01,0.3333333333333333,0.08333333333333333,0.2916666666666667,0.08333333333333333,46,Low,0,4888.33,5.716152551075726,60,High
CUST1122,45,315390.20999999996,7008.671333333333,89138.74,0.4,0.13333333333333333,0.2,0.13333333333333333,45,Low,0,1446.53,86.69446883230906,50,Moderate
CUST1123,48,96767.02,2015.9795833333335,16439.99,0.3958333333333333,0.08333333333333333,0.1875,0.1875,47,High,0,2146.02,10.89174844596043,65,High
CUST1124,38,68755.28,1809.3494736842106,10938.4,0.47368421052631576,0.10526315789473684,0.15789473684210525,0.10526315789473684,37,Low,0,1972.09,9.57806185316086,40,Moderate
CUST1125,51,115575.47,2266.18568627451,37982.92,0.4117647058823529,0.09803921568627451,0.19607843137254902,0.1568627450980392,50,Low,0,5914.85,7.467163157138389,50,Moderate
CUST1126,52,89526.64,1721.6661538461537,32371.36,0.3269230769230769,0.07692307692307693,0.23076923076923078,0.09615384615384616,51,Medium,0,11038.4,3.6204024133932453,57,Moderate
CUST1127,48,95859.95,1997.0822916666666,16013.01,0.3333333333333333,0.125,0.3125,0.041666666666666664,47,Low,0,6332.81,6.264909258291343,60,High
CUST1128,49,94464.04,1927.837551020408,8906.75,0.3877551020408163,0.08163265306122448,0.2857142857142857,0.16326530612244897,48,Low,0,2901.19,6.25678428506923,60,High
CUST1129,39,141789.07,3635.61717948718,21706.8,0.23076923076923078,0.07692307692307693,0.20512820512820512,0.2564102564102564,39,High,0,9435.69,8.932422536136732,65,High
CUST1130,47,107033.03,2277.298510638298,13229.0,0.3404255319148936,0.02127659574468085,0.2765957446808511,0.1276595744680851,44,High,0,1360.8,21.265307172251617,55,Moderate
CUST1131,61,157575.63999999998,2583.207213114754,16717.21,0.5409836065573771,0.03278688524590164,0.2786885245901639,0.16393442622950818,61,Medium,0,9648.74,3.457745778205237,47,Moderate
CUST1132,55,338420.23,6153.095090909091,67876.63,0.5454545454545454,0.14545454545454545,0.2,0.18181818181818182,54,Low,0,2376.68,51.28154400255819,50,Moderate
CUST1133,53,94005.04000000001,1773.68,8755.28,0.4339622641509434,0.1509433962264151,0.22641509433962265,0.22641509433962265,53,Low,0,597.53,34.07936003213228,60,High
CUST1134,39,60284.64,1545.76,6556.17,0.3076923076923077,0.07692307692307693,0.3333333333333333,0.1794871794871795,38,Low,0,20394.55,0.6848839518400749,35,Moderate
CUST1135,34,93412.84,2747.4364705882354,19679.43,0.4411764705882353,0.029411764705882353,0.29411764705882354,0.17647058823529413,34,Low,0,10154.93,3.1958270514912464,30,Moderate
CUST1136,44,93195.21,2118.0729545454546,11451.98,0.36363636363636365,0.045454545454545456,0.20454545454545456,0.1590909090909091,41,Low,0,1861.76,9.407743210725334,30,Moderate
CUST1137,48,110628.52,2304.7608333333333,10537.16,0.2916666666666667,0.0625,0.2708333333333333,0.125,48,Low,0,4063.73,4.867028567350685,60,High
CUST1138,51,126366.31999999999,2477.7709803921566,17592.78,0.5098039215686274,0.0784313725490196,0.11764705882352941,0.09803921568627451,50,Medium,0,3167.11,14.099961794822407,57,Moderate
CUST1139,41,103415.64,2522.3326829268294,23441.21,0.3902439024390244,0.12195121951219512,0.0975609756097561,0.04878048780487805,40,Low,1,3891.09,8.999778982238908,55,Moderate
CUST1140,52,119291.12,2294.06,14857.1,0.28846153846153844,0.07692307692307693,0.19230769230769232,0.19230769230769232,51,Low,0,1388.34,23.32986876413559,50,Moderate
CUST1141,46,111080.06999999999,2414.7841304347826,11532.78,0.391304347826087,0.06521739130434782,0.21739130434782608,0.08695652173913043,45,High,0,2337.95,15.3552086229389,65,High
CUST1142,41,87526.39,2134.79,10183.28,0.43902439024390244,0.14634146341463414,0.21951219512195122,0.0975609756097561,38,Low,0,4935.33,4.020815224108621,40,Moderate
CUST1143,50,342775.73,6855.5145999999995,67127.86,0.38,0.12,0.26,0.18,49,Low,0,4208.04,33.916174751190574,60,High
CUST1144,41,112157.34999999999,2735.5451219512192,38196.02,0.43902439024390244,0.0975609756097561,0.2926829268292683,0.07317073170731707,40,Low,0,7938.7,6.4482673485583275,50,Moderate
CUST1145,43,90830.68,2112.341395348837,9656.03,0.4883720930232558,0.06976744186046512,0.27906976744186046,0.16279069767441862,43,Medium,0,3834.67,5.219473905186105,67,High
CUST1146,54,86087.93,1594.2209259259257,7965.09,0.37037037037037035,0.1111111111111111,0.18518518518518517,0.14814814814814814,54,Medium,0,16764.09,1.0863786820519337,42,Moderate
CUST1147,37,81437.31,2201.0083783783784,8450.93,0.4864864864864865,0.08108108108108109,0.24324324324324326,0.13513513513513514,37,Low,0,2286.49,9.458147641144286,40,Moderate
CUST1148,52,134853.66,2593.3396153846156,19539.42,0.3269230769230769,0.11538461538461539,0.19230769230769232,0.15384615384615385,51,Medium,0,4309.45,7.328459548202208,57,Moderate
CUST1149,48,121849.99,2538.5414583333336,14718.73,0.4166666666666667,0.0625,0.20833333333333334,0.1875,47,Low,0,1047.74,29.9550651879283,50,Moderate
CUST1150,49,117948.20999999999,2407.106326530612,11800.57,0.42857142857142855,0.10204081632653061,0.22448979591836735,0.16326530612244897,47,Low,0,1612.37,15.540682349584772,50,Moderate
CUST1151,56,123212.37,2200.2208928571426,11244.99,0.48214285714285715,0.10714285714285714,0.25,0.07142857142857142,56,Medium,0,8634.68,4.422297062543139,57,Moderate
CUST1152,49,106995.78,2183.5873469387757,19701.06,0.3469387755102041,0.04081632653061224,0.16326530612244897,0.12244897959183673,48,High,0,1972.74,21.211898172085526,45,Moderate
CUST1153,55,109002.47,1981.863090909091,8778.83,0.43636363636363634,0.10909090909090909,0.2,0.14545454545454545,54,Medium,0,5140.67,4.67733777892765,57,Moderate
CUST1154,35,65403.03,1868.658,5585.68,0.4,0.02857142857142857,0.17142857142857143,0.14285714285714285,35,Medium,0,3497.66,4.537490779549756,27,Low
CUST1155,53,163714.18,3088.94679245283,23115.13,0.39622641509433965,0.1320754716981132,0.09433962264150944,0.09433962264150944,53,Low,0,1846.49,46.18068876625381,50,Moderate
CUST1156,44,80265.73999999999,1824.2213636363633,8235.5,0.3181818181818182,0.06818181818181818,0.22727272727272727,0.11363636363636363,43,Low,0,2903.4,7.245484604257078,50,Moderate
CUST1157,55,122381.97,2225.1267272727273,18472.04,0.38181818181818183,0.07272727272727272,0.23636363636363636,0.12727272727272726,55,High,0,2606.46,10.22780706398717,65,High
CUST1158,47,98821.66,2102.588510638298,9231.93,0.46808510638297873,0.19148936170212766,0.2978723404255319,0.1276595744680851,47,Low,0,2652.38,9.133770425052218,60,High
CUST1159,57,126761.18,2223.880350877193,16552.32,0.3333333333333333,0.05263157894736842,0.3684210526315789,0.08771929824561403,56,Low,0,5942.26,6.359445732768339,60,High
CUST1160,41,94279.17,2299.491951219512,10396.71,0.2926829268292683,0.07317073170731707,0.14634146341463414,0.17073170731707318,40,Medium,0,5563.73,4.036159195359947,47,Moderate
CUST1161,59,113470.99,1923.2371186440678,13761.85,0.4067796610169492,0.05084745762711865,0.13559322033898305,0.2033898305084746,58,Medium,0,2501.57,8.660245365910207,67,High
CUST1162,49,103587.33,2114.0271428571427,8094.23,0.40816326530612246,0.08163265306122448,0.24489795918367346,0.16326530612244897,49,Medium,0,2019.05,10.900775117010475,57,Moderate
CUST1163,38,76863.1,2022.713157894737,12886.1,0.3157894736842105,0.13157894736842105,0.13157894736842105,0.21052631578947367,37,Low,0,4374.38,3.6533291575034634,50,Moderate
CUST1164,34,63072.03,1855.059705882353,6841.27,0.35294117647058826,0.058823529411764705,0.3235294117647059,0.08823529411764706,33,Low,0,3411.78,5.1267783972002885,50,Moderate
CUST1165,56,173131.08,3091.6264285714283,18205.89,0.375,0.05357142857142857,0.35714285714285715,0.125,56,Low,0,7103.79,5.583840456995492,60,High
CUST1166,46,108803.29000000001,2365.2889130434783,10712.12,0.391304347826087,0.13043478260869565,0.1956521739130435,0.17391304347826086,45,Medium,0,20454.14,1.121111911818341,42,Moderate
CUST1167,48,108905.91,2268.873125,9364.65,0.5208333333333334,0.10416666666666667,0.20833333333333334,0.16666666666666666,48,High,0,6297.46,3.8341124834457068,65,High
CUST1168,60,109966.2,1832.77,15922.69,0.36666666666666664,0.1,0.23333333333333334,0.15,58,Low,0,3559.68,8.660064949658397,50,Moderate
CUST1169,47,97901.09,2083.001914893617,7781.17,0.40425531914893614,0.1276595744680851,0.2553191489361702,0.0851063829787234,46,Medium,0,3255.73,5.441332665792311,67,High
CUST1170,62,203210.75,3277.592741935484,62873.48,0.3387096774193548,0.06451612903225806,0.1774193548387097,0.14516129032258066,61,Low,0,2086.3,41.11194459090255,50,Moderate
CUST1171,56,137642.4,2457.9,9837.51,0.4642857142857143,0.08928571428571429,0.2857142857142857,0.16071428571428573,56,Low,0,2019.62,12.10083580079421,60,High
CUST1172,44,79734.17,1812.1402272727273,6373.66,0.38636363636363635,0.06818181818181818,0.20454545454545456,0.20454545454545456,43,Low,0,1896.53,9.807733070396988,60,High
CUST1173,51,151311.54,2966.8929411764707,27847.21,0.3333333333333333,0.058823529411764705,0.23529411764705882,0.19607843137254902,49,Low,1,2815.89,13.127451711537027,65,High
CUST1174,48,98051.63,2042.7422916666667,13096.62,0.3125,0.041666666666666664,0.20833333333333334,0.125,46,Low,0,2758.26,10.611352809379826,30,Moderate
CUST1175,45,93193.63,2070.969555555556,12849.77,0.3111111111111111,0.044444444444444446,0.26666666666666666,0.044444444444444446,44,Low,0,5904.23,4.639358561573652,40,Moderate
CUST1176,49,110266.58,2250.338367346939,12922.59,0.32653061224489793,0.14285714285714285,0.1836734693877551,0.1836734693877551,48,Medium,0,2809.19,9.161801088570016,57,Moderate
CUST1177,41,77257.61,1884.3319512195121,10162.46,0.4146341463414634,0.0975609756097561,0.1951219512195122,0.14634146341463414,41,Low,0,3202.41,4.6438151267326795,50,Moderate
CUST1178,55,150144.69999999998,2729.903636363636,10646.8,0.36363636363636365,0.05454545454545454,0.18181818181818182,0.21818181818181817,55,Medium,1,1649.33,25.8608343994228,82,Critical
CUST1179,55,105649.45,1920.8990909090908,9977.46,0.41818181818181815,0.03636363636363636,0.14545454545454545,0.18181818181818182,52,High,0,10603.87,2.1319970916278677,30,Moderate
CUST1180,36,67760.22,1882.2283333333335,8344.99,0.4166666666666667,0.08333333333333333,0.1111111111111111,0.1388888888888889,36,Low,0,5062.12,2.7910302402945804,25,Low
CUST1181,47,76286.81999999999,1623.123829787234,6762.7,0.3404255319148936,0.02127659574468085,0.14893617021276595,0.23404255319148937,47,Low,0,11646.58,1.7269387236424771,25,Low
CUST1182,45,214191.03,4759.800666666667,48168.9,0.5555555555555556,0.17777777777777778,0.13333333333333333,0.17777777777777778,45,High,0,6111.79,20.536070447446658,65,High
CUST1183,54,147421.45,2730.026851851852,20496.63,0.42592592592592593,0.16666666666666666,0.2037037037037037,0.09259259259259259,53,Low,0,9587.96,4.27147276375788,50,Moderate
CUST1184,56,99133.68,1770.2442857142855,6295.51,0.3392857142857143,0.017857142857142856,0.16071428571428573,0.125,55,Low,0,3097.91,5.662256166254023,30,Moderate
CUST1185,44,98875.92,2247.18,13178.42,0.45454545454545453,0.06818181818181818,0.1590909090909091,0.09090909090909091,43,Low,0,5803.14,5.4887698728619325,50,Moderate
CUST1186,52,91016.94,1750.3257692307693,8768.78,0.4423076923076923,0.07692307692307693,0.23076923076923078,0.17307692307692307,52,High,0,21132.75,0.8006080609480547,50,Moderate
CUST1187,55,238986.04,4345.200727272728,22065.79,0.21818181818181817,0.03636363636363636,0.45454545454545453,0.07272727272727272,55,Low,0,1643.7,61.97095577051773,40,Moderate
CUST1188,55,128911.53,2343.846,10923.73,0.43636363636363634,0.09090909090909091,0.21818181818181817,0.14545454545454545,55,Low,0,7821.06,2.938714189636699,35,Moderate
CUST1189,50,108329.44,2166.5888,10580.09,0.36,0.1,0.22,0.04,49,Low,0,10978.17,2.2243752829478867,35,Moderate
CUST1190,47,94608.20999999999,2012.940638297872,7573.33,0.2553191489361702,0.10638297872340426,0.2127659574468085,0.14893617021276595,47,Low,0,4787.35,4.292186700366591,50,Moderate
CUST1191,47,125689.46,2674.243829787234,11770.25,0.5106382978723404,0.0851063829787234,0.2978723404255319,0.0425531914893617,47,Low,0,5987.25,5.804913775105432,60,High
CUST1192,54,168907.52,3127.917037037037,20114.44,0.4074074074074074,0.037037037037037035,0.24074074074074073,0.2222222222222222,52,High,0,8364.59,4.786176011017874,55,Moderate
CUST1193,43,106034.01000000001,2465.907209302326,24261.31,0.2558139534883721,0.06976744186046512,0.11627906976744186,0.18604651162790697,42,High,0,2355.03,16.149747561602187,65,High
CUST1194,54,127086.02,2353.444814814815,10450.25,0.4074074074074074,0.07407407407407407,0.2037037037037037,0.16666666666666666,53,Low,0,4775.8,5.58862180158298,50,Moderate
CUST1195,50,104951.17,2099.0234,8917.56,0.46,0.12,0.18,0.04,47,Low,0,2044.27,10.011852641774325,50,Moderate
CUST1196,47,109539.11,2330.6193617021277,23122.98,0.3829787234042553,0.0425531914893617,0.19148936170212766,0.14893617021276595,46,Low,0,2323.17,19.855447513526777,30,Moderate
CUST1197,51,106414.04,2086.5498039215686,7369.39,0.43137254901960786,0.09803921568627451,0.27450980392156865,0.11764705882352941,48,Medium,0,2415.07,8.216039286645936,67,High
CUST1198,60,120986.16,2016.4360000000001,11418.36,0.38333333333333336,0.06666666666666667,0.25,0.15,59,Medium,0,3310.74,7.473993729498542,57,Moderate
CUST1199,52,101750.55,1956.7413461538463,8896.82,0.38461538461538464,0.09615384615384616,0.1346153846153846,0.1346153846153846,52,Medium,0,4013.24,7.133430843906669,57,Moderate
CUST1200,64,187419.7,2928.4328125,27962.98,0.4375,0.09375,0.203125,0.125,63,Low,0,4919.55,7.1632080169934245,50,Moderate
CUST1201,56,138973.82,2481.675357142857,18988.74,0.375,0.08928571428571429,0.21428571428571427,0.19642857142857142,55,Low,0,1417.87,19.362924668693182,50,Moderate
CUST1202,56,162721.03,2905.7326785714286,10931.6,0.44642857142857145,0.03571428571428571,0.2857142857142857,0.07142857142857142,56,Medium,0,13594.27,3.2687132152002274,47,Moderate
CUST1203,53,100367.86,1893.7332075471697,6667.31,0.37735849056603776,0.09433962264150944,0.22641509433962265,0.16981132075471697,51,Low,0,7858.05,2.2603903003925914,35,Moderate
CUST1204,56,126786.74,2264.048928571429,28195.95,0.44642857142857145,0.19642857142857142,0.125,0.17857142857142858,54,Medium,0,5903.59,6.9317754112328265,57,Moderate
CUST1205,40,393537.1,9838.4275,88937.93,0.525,0.225,0.375,0.25,40,Low,0,2869.1,59.3579937959639,60,High
CUST1206,52,124878.23999999999,2401.504615384615,18034.57,0.25,0.057692307692307696,0.15384615384615385,0.15384615384615385,51,Low,0,3431.15,8.593652274018915,50,Moderate
CUST1207,53,102591.73,1935.6930188679244,12127.06,0.37735849056603776,0.09433962264150944,0.1509433962264151,0.20754716981132076,52,High,0,5243.57,3.7348237937130624,75,High
CUST1208,56,101559.13,1813.555892857143,12923.52,0.25,0.07142857142857142,0.26785714285714285,0.16071428571428573,56,Low,0,4788.33,4.773298832787214,60,High
CUST1209,46,91021.79,1978.7345652173913,7414.15,0.391304347826087,0.15217391304347827,0.2391304347826087,0.15217391304347827,45,Low,0,1189.53,18.43713903810749,50,Moderate
CUST1210,44,111318.44,2529.9645454545457,9404.81,0.5,0.1590909090909091,0.11363636363636363,0.22727272727272727,44,Low,0,5964.21,4.352412138405589,60,High
CUST1211,60,134826.04,2247.1006666666667,12810.93,0.48333333333333334,0.05,0.16666666666666666,0.21666666666666667,59,Medium,0,25396.35,1.3184579673850771,32,Moderate
CUST1212,56,131580.07,2349.644107142857,9612.52,0.42857142857142855,0.10714285714285714,0.26785714285714285,0.08928571428571429,55,Low,0,1063.54,22.525189461609344,60,High
CUST1213,54,106571.91,1973.5538888888889,10156.92,0.5555555555555556,0.12962962962962962,0.3148148148148148,0.14814814814814814,50,Low,0,7064.17,3.1197578767215397,60,High
CUST1214,49,104818.07,2139.144285714286,12426.16,0.4489795918367347,0.08163265306122448,0.3469387755102041,0.16326530612244897,48,Low,1,4656.53,6.151509815248694,75,High
CUST1215,43,92365.2,2148.027906976744,9365.14,0.5116279069767442,0.06976744186046512,0.3488372093023256,0.16279069767441862,43,Low,0,3380.0,5.775958579881657,60,High
CUST1216,52,90161.34,1733.871923076923,5647.2,0.46153846153846156,0.07692307692307693,0.28846153846153844,0.11538461538461539,52,Low,0,9086.64,2.1153407640227853,45,Moderate
CUST1217,35,75116.23999999999,2146.1782857142853,21442.28,0.45714285714285713,0.05714285714285714,0.2571428571428571,0.11428571428571428,35,Low,0,1654.35,16.987378728805876,50,Moderate
CUST1218,48,117317.97,2444.124375,12254.69,0.3333333333333333,0.0625,0.2916666666666667,0.10416666666666667,48,Low,0,4058.67,7.271515052960699,60,High
CUST1219,53,126645.64,2389.5403773584903,15469.76,0.4339622641509434,0.03773584905660377,0.20754716981132076,0.1509433962264151,52,Medium,0,9665.04,4.651549295191742,37,Moderate
CUST1220,49,96990.48,1979.3975510204082,9459.95,0.3469387755102041,0.061224489795918366,0.1836734693877551,0.20408163265306123,47,Low,0,3192.74,6.2980230147146345,60,High
CUST1221,43,100998.58,2348.804186046512,13335.21,0.27906976744186046,0.0,0.3023255813953488,0.13953488372093023,43,High,1,2754.47,12.109737989522484,70,High
CUST1222,40,85778.23,2144.45575,9912.42,0.425,0.1,0.325,0.075,39,High,0,3931.14,5.9559135517941355,65,High
CUST1223,45,106043.5,2356.5222222222224,10867.31,0.35555555555555557,0.0,0.2222222222222222,0.08888888888888889,45,Low,0,2705.68,8.52115549510659,30,Moderate
CUST1224,59,162048.24,2746.5803389830508,29414.03,0.3559322033898305,0.05084745762711865,0.22033898305084745,0.1694915254237288,58,Low,0,10228.77,3.9504300126017107,50,Moderate
CUST1225,53,73430.16,1385.4747169811321,3542.83,0.32075471698113206,0.09433962264150944,0.20754716981132076,0.16981132075471697,51,Medium,0,1986.84,7.6770902538704675,57,Moderate
CUST1226,48,124071.36,2584.82,22417.01,0.22916666666666666,0.041666666666666664,0.22916666666666666,0.16666666666666666,48,Low,0,6522.45,4.643511257272958,30,Moderate
CUST1227,52,172434.81,3316.0540384615383,17862.78,0.3269230769230769,0.11538461538461539,0.25,0.15384615384615385,51,Medium,0,1577.59,25.26634296616992,57,Moderate
CUST1228,42,73505.02,1750.1195238095238,16908.98,0.42857142857142855,0.07142857142857142,0.21428571428571427,0.047619047619047616,42,Low,0,5692.6,3.101928819871412,50,Moderate
CUST1229,60,147443.28,2457.388,51026.52,0.4,0.05,0.3333333333333333,0.08333333333333333,58,Medium,0,3394.56,17.667193980957766,47,Moderate
CUST1230,52,102512.13,1971.3871153846155,10626.28,0.4423076923076923,0.1346153846153846,0.2692307692307692,0.17307692307692307,51,Low,0,648.16,39.34567082201926,60,High
CUST1231,47,95027.14,2021.8540425531914,14549.84,0.5531914893617021,0.0851063829787234,0.14893617021276595,0.06382978723404255,47,Medium,0,3626.44,6.4923644124816615,57,Moderate
CUST1232,60,123371.55,2056.1925,12869.15,0.45,0.06666666666666667,0.3,0.1,58,High,0,1784.85,15.164456396896098,75,High
CUST1233,50,162675.36,3253.5071999999996,65156.07,0.42,0.02,0.16,0.2,50,Low,0,2705.64,30.294085687674638,30,Moderate
CUST1234,42,84348.26,2008.2919047619046,17139.46,0.30952380952380953,0.11904761904761904,0.23809523809523808,0.19047619047619047,42,Medium,0,10178.25,3.197315845061774,57,Moderate
CUST1235,43,107049.43000000001,2489.521627906977,18379.56,0.3488372093023256,0.046511627906976744,0.27906976744186046,0.16279069767441862,42,Low,0,1725.76,16.602476590024107,40,Moderate
CUST1236,39,77978.56999999999,1999.4505128205126,15516.13,0.41025641025641024,0.05128205128205128,0.3333333333333333,0.15384615384615385,38,Low,0,1792.8,11.12803993752789,50,Moderate
CUST1237,49,86015.48,1755.4179591836735,9139.12,0.40816326530612246,0.14285714285714285,0.1836734693877551,0.14285714285714285,49,Low,0,9533.56,1.6972683866257727,35,Moderate
CUST1238,47,125986.15,2680.5563829787234,22253.61,0.3191489361702128,0.06382978723404255,0.3617021276595745,0.1276595744680851,46,Low,0,3934.26,9.38811364780162,60,High
CUST1239,34,157431.23,4630.330294117647,22044.78,0.5882352941176471,0.08823529411764706,0.14705882352941177,0.14705882352941177,33,Low,0,10199.31,10.312682916785548,40,Moderate
CUST1240,47,112463.4,2392.8382978723403,32082.98,0.3617021276595745,0.0425531914893617,0.23404255319148937,0.10638297872340426,46,Medium,0,4519.67,8.001172651985655,37,Moderate
CUST1241,48,240931.59,5019.408125,54555.41,0.4791666666666667,0.14583333333333334,0.1875,0.22916666666666666,48,Low,0,2019.1,50.39282848794018,60,High
CUST1242,42,100392.31,2390.2930952380952,11986.14,0.42857142857142855,0.09523809523809523,0.2857142857142857,0.09523809523809523,42,Medium,0,3483.15,10.745770351549602,67,High
CUST1243,47,122279.65,2601.694680851064,29308.72,0.40425531914893614,0.06382978723404255,0.2127659574468085,0.14893617021276595,46,High,0,8280.71,4.9470673408439625,65,High
CUST1244,41,83442.61,2035.1856097560976,8311.87,0.2926829268292683,0.0,0.2682926829268293,0.04878048780487805,41,High,0,6828.62,2.9957150932399226,40,Moderate
CUST1245,55,172776.08000000002,3141.383272727273,19840.36,0.38181818181818183,0.01818181818181818,0.21818181818181817,0.05454545454545454,53,High,0,3643.11,11.334491684302698,45,Moderate
CUST1246,59,111708.68,1893.3674576271185,12233.76,0.3898305084745763,0.0847457627118644,0.1864406779661017,0.15254237288135594,58,Medium,0,3761.58,8.79537587928477,57,Moderate
CUST1247,51,107329.15,2104.4931372549017,11709.75,0.49019607843137253,0.11764705882352941,0.23529411764705882,0.09803921568627451,50,Low,0,3377.17,6.60535004160288,50,Moderate
CUST1248,47,112931.56,2402.7991489361702,26553.87,0.2553191489361702,0.0425531914893617,0.23404255319148937,0.10638297872340426,47,High,0,2473.69,12.849443543855536,45,Moderate
CUST1249,47,112460.58,2392.7782978723403,14171.89,0.40425531914893614,0.1276595744680851,0.1702127659574468,0.10638297872340426,47,Low,0,13237.67,2.4707316317750783,35,Moderate
CUST1250,56,148575.79,2653.1391071428575,28139.42,0.375,0.05357142857142857,0.30357142857142855,0.14285714285714285,56,Medium,0,3658.49,11.808609562961768,67,High
CUST1251,48,115008.27,2396.0056250000002,17635.29,0.2916666666666667,0.0625,0.125,0.0625,47,High,0,1709.76,16.523096808908853,65,High
CUST1252,53,342885.52999999997,6469.5383018867915,77483.18,0.5283018867924528,0.18867924528301888,0.1320754716981132,0.22641509433962265,53,Medium,0,2647.12,41.78536296050047,67,High
CUST1253,58,117698.42,2029.2831034482758,13871.72,0.25862068965517243,0.06896551724137931,0.1896551724137931,0.10344827586206896,56,Low,0,5916.1,4.559131860516218,50,Moderate
CUST1254,43,93149.38,2166.264651162791,20544.11,0.4186046511627907,0.023255813953488372,0.23255813953488372,0.16279069767441862,43,Low,0,5589.88,4.2420964314081875,30,Moderate
CUST1255,51,118389.28,2321.358431372549,10694.59,0.47058823529411764,0.13725490196078433,0.2549019607843137,0.11764705882352941,49,Low,0,3322.09,10.254770340358029,60,High
CUST1256,44,78684.06,1788.2740909090908,9133.89,0.4090909090909091,0.09090909090909091,0.29545454545454547,0.13636363636363635,43,Low,0,2329.21,8.402381064824556,60,High
CUST1257,66,144531.02,2189.8639393939393,16602.11,0.3484848484848485,0.06060606060606061,0.19696969696969696,0.10606060606060606,64,Low,0,3699.59,7.759586873139996,50,Moderate
CUST1258,57,136559.9,2395.7877192982455,11318.76,0.45614035087719296,0.10526315789473684,0.22807017543859648,0.17543859649122806,54,Low,0,1189.81,23.34320605811012,50,Moderate
CUST1259,51,148627.77,2914.27,9718.32,0.3333333333333333,0.0392156862745098,0.45098039215686275,0.09803921568627451,50,Medium,0,1525.4,25.35966303920283,47,Moderate
CUST1260,56,141529.72,2527.316428571429,18030.25,0.5178571428571429,0.07142857142857142,0.14285714285714285,0.16071428571428573,55,High,0,6209.96,5.692766136979948,65,High
CUST1261,41,138397.03,3375.537317073171,21061.97,0.36585365853658536,0.07317073170731707,0.3902439024390244,0.04878048780487805,40,Low,0,2643.08,10.11171436354556,50,Moderate
CUST1262,54,124398.19,2303.6701851851853,17272.66,0.37037037037037035,0.09259259259259259,0.2037037037037037,0.07407407407407407,52,Low,0,4677.71,5.7365356125112505,50,Moderate
CUST1263,66,143110.17,2168.3359090909094,12232.81,0.4696969696969697,0.06060606060606061,0.24242424242424243,0.18181818181818182,64,Low,0,8218.85,4.337614143097878,50,Moderate
CUST1264,47,78271.74,1665.356170212766,6651.31,0.3617021276595745,0.06382978723404255,0.2765957446808511,0.2978723404255319,46,Low,0,5620.32,2.753601218435961,55,Moderate
CUST1265,60,346884.11,5781.401833333333,77508.75,0.38333333333333336,0.08333333333333333,0.3,0.18333333333333332,58,Low,0,3691.45,25.440810521610754,60,High
CUST1266,39,68985.77,1768.8658974358975,9529.72,0.3333333333333333,0.07692307692307693,0.28205128205128205,0.1282051282051282,38,Medium,0,15096.05,0.9416238022529072,42,Moderate
CUST1267,50,157431.3,3148.6259999999997,14348.41,0.44,0.04,0.16,0.18,50,Low,0,5688.63,7.3157772609573835,30,Moderate
CUST1268,51,166729.91,3269.2139215686275,48807.67,0.43137254901960786,0.09803921568627451,0.35294117647058826,0.058823529411764705,50,Low,0,2872.97,23.105862574269832,60,High
CUST1269,58,141857.81,2445.8243103448276,12626.05,0.3448275862068966,0.06896551724137931,0.15517241379310345,0.1724137931034483,57,Low,0,5938.74,4.850648454049176,50,Moderate
CUST1270,54,173186.73,3207.161666666667,27013.34,0.3888888888888889,0.037037037037037035,0.3148148148148148,0.037037037037037035,54,Medium,0,4781.81,9.56113480042076,47,Moderate
CUST1271,35,63762.66,1821.7902857142858,6884.9,0.4857142857142857,0.08571428571428572,0.2571428571428571,0.14285714285714285,34,Low,0,2054.95,8.780641864765567,50,Moderate
CUST1272,53,115208.2,2173.7396226415094,25659.43,0.3584905660377358,0.05660377358490566,0.20754716981132076,0.09433962264150944,51,Low,0,3822.88,7.625321746955175,50,Moderate
CUST1273,59,168736.09,2859.9337288135594,28010.28,0.3389830508474576,0.05084745762711865,0.23728813559322035,0.22033898305084745,58,Low,0,3260.85,13.778364536853887,60,High
CUST1274,42,146098.15,3478.527380952381,19523.56,0.3333333333333333,0.07142857142857142,0.42857142857142855,0.09523809523809523,40,High,0,978.47,29.45698897257964,65,High
CUST1275,62,131752.83,2125.04564516129,10148.08,0.3064516129032258,0.08064516129032258,0.24193548387096775,0.14516129032258066,61,Low,0,3244.73,7.6103589512840815,50,Moderate
CUST1276,47,76290.83,1623.2091489361703,7950.81,0.425531914893617,0.19148936170212766,0.2127659574468085,0.14893617021276595,47,Medium,0,3013.37,6.313316983974753,57,Moderate
CUST1277,52,100617.94,1934.9603846153846,6242.89,0.38461538461538464,0.07692307692307693,0.25,0.057692307692307696,52,Low,0,2716.46,10.299680466489475,50,Moderate
CUST1278,54,129223.46,2393.027037037037,21320.6,0.4074074074074074,0.037037037037037035,0.3148148148148148,0.14814814814814814,54,High,0,1212.92,27.730608778814762,55,Moderate
CUST1279,47,98150.44,2088.3072340425533,11462.45,0.3404255319148936,0.0851063829787234,0.1276595744680851,0.1702127659574468,46,Low,0,2872.61,5.97887983401854,50,Moderate
CUST1280,53,116500.13,2198.1156603773584,28760.99,0.37735849056603776,0.11320754716981132,0.22641509433962265,0.18867924528301888,52,Low,0,3545.66,9.002848552878731,50,Moderate
CUST1281,38,89326.66,2350.7015789473685,35672.95,0.2631578947368421,0.02631578947368421,0.15789473684210525,0.23684210526315788,37,High,0,3897.6,10.45270422824302,45,Moderate
CUST1282,58,118863.46,2049.37,8175.99,0.4482758620689655,0.10344827586206896,0.1724137931034483,0.20689655172413793,56,Medium,0,1704.82,17.54489623537969,67,High
CUST1283,59,142332.59,2412.416779661017,13179.89,0.423728813559322,0.05084745762711865,0.13559322033898305,0.1864406779661017,58,Low,0,5556.08,6.806971821860017,50,Moderate
CUST1284,46,83998.52,1826.0547826086956,13502.87,0.1956521739130435,0.021739130434782608,0.2608695652173913,0.08695652173913043,45,Low,0,1616.01,12.042939090723447,40,Moderate
CUST1285,56,116916.31999999999,2087.7914285714282,11579.3,0.35714285714285715,0.07142857142857142,0.26785714285714285,0.14285714285714285,55,High,0,3135.28,8.46387563471205,75,High
CUST1286,47,128721.95,2738.7648936170212,22239.47,0.3617021276595745,0.06382978723404255,0.23404255319148937,0.19148936170212766,47,Low,0,8708.7,6.350729730040074,50,Moderate
CUST1287,43,63941.52,1487.0120930232558,10158.49,0.46511627906976744,0.11627906976744186,0.2558139534883721,0.13953488372093023,42,Low,0,2292.41,8.156599386671669,60,High
CUST1288,45,91440.52,2032.0115555555556,18787.49,0.3111111111111111,0.044444444444444446,0.2222222222222222,0.13333333333333333,44,High,0,2588.28,10.07880522972785,45,Moderate
CUST1289,42,120265.57,2863.4659523809523,11900.88,0.35714285714285715,0.047619047619047616,0.21428571428571427,0.16666666666666666,42,Low,0,7459.02,2.7920812653673006,15,Low
CUST1290,61,92338.91,1513.7526229508198,8106.47,0.4426229508196721,0.08196721311475409,0.26229508196721313,0.11475409836065574,61,Low,0,2817.02,6.479357619044238,60,High
CUST1291,55,138133.16,2511.512,14691.68,0.4909090909090909,0.12727272727272726,0.2909090909090909,0.18181818181818182,54,Low,0,2985.68,10.307980091637416,60,High
CUST1292,58,153683.51,2649.7156896551724,20575.71,0.29310344827586204,0.034482758620689655,0.3620689655172414,0.1896551724137931,57,Low,0,4220.81,7.637038862208911,40,Moderate
CUST1293,51,109304.4,2143.2235294117645,11215.81,0.4117647058823529,0.09803921568627451,0.1568627450980392,0.21568627450980393,51,Low,0,7339.11,3.8681161612239086,60,High
CUST1294,50,132686.07,2653.7214000000004,12427.08,0.44,0.08,0.3,0.12,49,Medium,0,835.47,46.771505858977584,67,High
CUST1295,54,143907.79,2664.959074074074,21167.17,0.35185185185185186,0.07407407407407407,0.2037037037037037,0.12962962962962962,52,Low,0,2093.81,14.424298288765456,50,Moderate
CUST1296,48,116058.05,2417.876041666667,7496.85,0.3333333333333333,0.08333333333333333,0.25,0.125,48,Low,0,1858.09,15.064313354035596,50,Moderate
CUST1297,46,87258.95999999999,1896.933913043478,18442.51,0.391304347826087,0.021739130434782608,0.10869565217391304,0.21739130434782608,46,Medium,0,1764.52,12.30190646748124,47,Moderate
CUST1298,39,135001.85,3461.5858974358976,9724.96,0.4358974358974359,0.02564102564102564,0.358974358974359,0.07692307692307693,38,Medium,0,2057.9,13.540215753923903,37,Moderate
CUST1299,51,126077.24,2472.102745098039,9783.3,0.27450980392156865,0.0196078431372549,0.13725490196078433,0.23529411764705882,51,Low,0,2079.73,12.52677030191419,40,Moderate
