customer_id,customer_name,customer_type,country,occupation_industry,kyc_risk,pep_flag,expected_monthly_volume,account_open_date
CUST1000,Customer 1,Individual,CA,Consulting,Low,0,4304.87,2024-01-24
CUST1001,Customer 2,Business,US,Logistics,Medium,0,1453.54,2020-10-15
CUST1002,Customer 3,Individual,GB,Student,Low,0,9230.29,2021-05-27
CUST1003,Customer 4,Individual,GB,Consulting,Low,0,11785.2,2021-11-07
CUST1004,Customer 5,Individual,GB,Technology,Low,0,3709.21,2023-04-28
CUST1005,Customer 6,Business,US,Retail,Low,0,3156.31,2022-05-27
CUST1006,Customer 7,Individual,US,Hospitality,Low,0,1271.07,2020-10-15
CUST1007,Customer 8,Business,US,Technology,Low,0,6465.0,2022-05-27
CUST1008,Customer 9,Individual,US,Construction,Low,0,21088.47,2021-06-16
CUST1009,Customer 10,Individual,GH,Healthcare,Low,0,5802.96,2020-08-18
CUST1010,Customer 11,Individual,US,Hospitality,Low,0,8278.42,2020-04-05
CUST1011,Customer 12,Individual,US,Healthcare,Medium,0,5178.95,2020-09-27
CUST1012,Customer 13,Individual,US,Education,Low,1,1919.35,2022-07-17
CUST1013,Customer 14,Individual,GB,Retail,Low,0,8680.52,2021-05-22
CUST1014,Customer 15,Individual,US,Student,Low,0,1631.94,2021-10-11
CUST1015,Customer 16,Individual,GH,Construction,Medium,0,3175.02,2024-02-18
CUST1016,Customer 17,Business,MX,Hospitality,Low,0,4364.48,2023-07-26
CUST1017,Customer 18,Individual,US,Student,Low,0,6463.27,2021-11-15
CUST1018,Customer 19,Individual,US,Technology,Medium,0,4771.38,2022-10-12
CUST1019,Customer 20,Business,NG,Education,Low,0,4681.82,2019-04-03
CUST1020,Customer 21,Individual,SG,Construction,High,0,2219.49,2021-09-08
CUST1021,Customer 22,Individual,US,Logistics,High,0,1574.84,2021-12-21
CUST1022,Customer 23,Individual,GB,Consulting,Low,0,3789.4,2020-12-14
CUST1023,Customer 24,Individual,GH,Finance,Medium,0,2294.74,2020-04-28
CUST1024,Customer 25,Individual,MX,Retail,Low,0,1556.1,2023-11-13
CUST1025,Customer 26,Individual,US,Logistics,Low,0,1599.0,2019-01-30
CUST1026,Customer 27,Individual,US,Healthcare,Low,0,2647.62,2025-06-02
CUST1027,Customer 28,Business,SG,Construction,Medium,0,1092.06,2025-06-02
CUST1028,Customer 29,Individual,US,Retail,High,0,1516.48,2023-02-09
CUST1029,Customer 30,Individual,US,Technology,Low,0,1257.85,2020-12-05
CUST1030,Customer 31,Individual,US,Technology,Medium,0,4098.88,2020-12-06
CUST1031,Customer 32,Individual,US,Consulting,Low,0,4746.63,2022-07-13
CUST1032,Customer 33,Individual,GB,Student,Low,1,13421.88,2023-05-25
CUST1033,Customer 34,Individual,US,Education,High,0,1375.55,2021-05-09
CUST1034,Customer 35,Individual,MX,Technology,Medium,0,2340.83,2021-11-22
CUST1035,Customer 36,Individual,US,Healthcare,Low,0,6589.27,2019-05-09
CUST1036,Customer 37,Individual,NG,Technology,High,0,3162.43,2024-10-27
CUST1037,Customer 38,Individual,US,Consulting,Low,0,2943.78,2024-12-02
CUST1038,Customer 39,Business,US,Technology,Low,0,11058.56,2020-09-21
CUST1039,Customer 40,Individual,US,Finance,Low,0,2922.04,2025-02-23
CUST1040,Customer 41,Individual,US,Consulting,High,0,1717.24,2024-07-28
CUST1041,Customer 42,Business,US,Education,Low,0,1546.87,2020-03-23
CUST1042,Customer 43,Individual,GB,Education,High,0,4528.75,2020-01-03
CUST1043,Customer 44,Business,US,Education,Medium,0,4439.99,2021-09-30
CUST1044,Customer 45,Individual,US,Consulting,Low,0,1492.78,2023-07-19
CUST1045,Customer 46,Individual,SG,Student,Low,0,1918.87,2021-06-15
CUST1046,Customer 47,Individual,AE,Consulting,Low,0,5154.18,2023-10-25
CUST1047,Customer 48,Individual,MX,Education,Low,0,5298.74,2020-02-06
CUST1048,Customer 49,Individual,US,Consulting,Medium,0,2396.84,2025-01-31
CUST1049,Customer 50,Business,US,Consulting,Medium,0,5455.83,2023-05-07
CUST1050,Customer 51,Individual,US,Construction,High,0,5280.13,2020-08-23
CUST1051,Customer 52,Individual,US,Healthcare,Low,0,1142.53,2024-02-20
CUST1052,Customer 53,Individual,US,Retail,Medium,0,2972.5,2021-09-11
CUST1053,Customer 54,Individual,US,Logistics,Low,0,4768.71,2023-12-29
CUST1054,Customer 55,Individual,US,Hospitality,Medium,0,2508.65,2023-08-14
CUST1055,Customer 56,Individual,US,Healthcare,High,0,906.59,2023-06-09
CUST1056,Customer 57,Individual,AE,Student,High,0,3029.16,2019-10-18
CUST1057,Customer 58,Individual,US,Hospitality,Low,0,5936.41,2019-02-11
CUST1058,Customer 59,Business,US,Retail,Low,0,10170.67,2023-08-07
CUST1059,Customer 60,Individual,CA,Technology,High,0,876.55,2020-07-05
CUST1060,Customer 61,Individual,US,Hospitality,High,0,19903.66,2019-06-10
CUST1061,Customer 62,Individual,US,Hospitality,Low,0,1749.98,2022-05-20
CUST1062,Customer 63,Individual,US,Healthcare,High,0,6782.03,2025-02-20
CUST1063,Customer 64,Individual,US,Logistics,Low,0,8121.16,2023-08-14
CUST1064,Customer 65,Individual,CA,Hospitality,Low,0,6897.82,2020-12-22
CUST1065,Customer 66,Individual,US,Technology,Medium,0,4012.83,2021-07-16
CUST1066,Customer 67,Individual,US,Healthcare,Low,0,1711.42,2023-08-03
CUST1067,Customer 68,Individual,NG,Education,Low,0,5471.25,2021-12-14
CUST1068,Customer 69,Business,AE,Consulting,Low,1,2287.23,2022-09-02
CUST1069,Customer 70,Individual,US,Consulting,Low,0,706.45,2024-07-10
CUST1070,Customer 71,Individual,US,Logistics,Low,0,22897.53,2019-05-17
CUST1071,Customer 72,Individual,US,Finance,Low,0,5769.07,2019-02-26
CUST1072,Customer 73,Business,SG,Student,Medium,0,11869.77,2024-11-06
CUST1073,Customer 74,Individual,MX,Retail,Low,0,2013.13,2020-10-06
CUST1074,Customer 75,Individual,US,Hospitality,Medium,0,9451.01,2024-05-27
CUST1075,Customer 76,Business,SG,Finance,Medium,0,10233.43,2020-11-26
CUST1076,Customer 77,Business,US,Retail,Low,0,10001.17,2024-07-26
CUST1077,Customer 78,Business,US,Construction,Low,0,3591.11,2025-07-10
CUST1078,Customer 79,Individual,US,Consulting,Low,0,1666.36,2025-01-19
CUST1079,Customer 80,Individual,MX,Logistics,Low,0,3244.6,2020-06-30
CUST1080,Customer 81,Individual,US,Student,Medium,0,869.75,2022-05-26
CUST1081,Customer 82,Business,US,Education,Low,0,1204.35,2019-04-24
CUST1082,Customer 83,Individual,US,Consulting,Low,0,3865.17,2020-10-02
CUST1083,Customer 84,Individual,US,Consulting,Medium,0,1911.4,2021-09-26
CUST1084,Customer 85,Business,US,Student,Low,0,3271.85,2019-03-28
CUST1085,Customer 86,Individual,US,Finance,Low,0,3391.92,2023-04-08
CUST1086,Customer 87,Individual,AE,Education,Medium,0,12771.52,2020-04-07
CUST1087,Customer 88,Individual,NG,Consulting,Medium,0,8462.99,2020-01-04
CUST1088,Customer 89,Individual,GH,Healthcare,Low,0,3536.29,2023-04-12
CUST1089,Customer 90,Individual,NG,Retail,Medium,0,7988.71,2024-07-08
CUST1090,Customer 91,Individual,GB,Construction,Low,0,2193.35,2025-07-21
CUST1091,Customer 92,Business,GH,Consulting,Low,0,2924.9,2020-04-16
CUST1092,Customer 93,Individual,CA,Healthcare,Low,0,6579.05,2024-02-07
CUST1093,Customer 94,Individual,GB,Finance,Low,0,1624.44,2023-08-18
CUST1094,Customer 95,Individual,US,Healthcare,Low,0,3037.11,2024-05-05
CUST1095,Customer 96,Individual,US,Retail,Medium,0,1542.95,2020-01-24
CUST1096,Customer 97,Individual,GB,Healthcare,Medium,0,3929.85,2022-02-23
CUST1097,Customer 98,Individual,US,Technology,Low,0,10521.07,2024-10-17
CUST1098,Customer 99,Individual,MX,Retail,Medium,0,2233.08,2022-10-09
CUST1099,Customer 100,Individual,US,Student,Low,0,4216.76,2020-04-28
CUST1100,Customer 101,Business,US,Hospitality,High,0,2031.93,2019-01-02
CUST1101,Customer 102,Individual,MX,Consulting,Low,0,1724.67,2023-10-22
CUST1102,Customer 103,Individual,US,Education,Low,0,1630.59,2019-06-13
CUST1103,Customer 104,Individual,US,Education,Low,0,9373.0,2024-07-05
CUST1104,Customer 105,Business,US,Student,High,0,16908.69,2023-04-29
CUST1105,Customer 106,Individual,SG,Consulting,Low,0,4983.95,2020-09-03
CUST1106,Customer 107,Individual,US,Construction,Medium,0,2285.66,2020-05-23
CUST1107,Customer 108,Individual,NG,Education,High,0,5757.04,2019-08-11
CUST1108,Customer 109,Individual,US,Logistics,High,0,2929.8,2021-03-23
CUST1109,Customer 110,Individual,NG,Construction,Low,0,6129.75,2022-11-07
CUST1110,Customer 111,Individual,GB,Technology,Low,0,4399.06,2021-01-05
CUST1111,Customer 112,Business,CA,Logistics,Medium,0,4366.9,2022-04-12
CUST1112,Customer 113,Individual,MX,Construction,Medium,0,5403.11,2023-02-17
CUST1113,Customer 114,Business,US,Construction,Low,0,2498.21,2022-02-24
CUST1114,Customer 115,Individual,US,Retail,Low,0,2799.4,2020-08-22
CUST1115,Customer 116,Individual,GB,Education,Low,0,1189.38,2024-02-19
CUST1116,Customer 117,Individual,GH,Finance,Low,0,2731.99,2023-09-20
CUST1117,Customer 118,Individual,US,Retail,Low,0,1444.45,2022-01-16
CUST1118,Customer 119,Individual,CA,Hospitality,Low,0,3314.15,2020-03-08
CUST1119,Customer 120,Individual,US,Technology,Low,0,1953.82,2022-04-07
CUST1120,Customer 121,Individual,US,Logistics,Low,0,3888.59,2021-05-14
CUST1121,Customer 122,Individual,NG,Education,Low,0,4888.33,2022-03-15
CUST1122,Customer 123,Individual,US,Finance,Low,0,1446.53,2019-10-28
CUST1123,Customer 124,Individual,GB,Education,High,0,2146.02,2021-12-27
CUST1124,Customer 125,Individual,US,Healthcare,Low,0,1972.09,2019-05-03
CUST1125,Customer 126,Individual,MX,Healthcare,Low,0,5914.85,2021-08-31
CUST1126,Customer 127,Individual,US,Consulting,Medium,0,11038.4,2023-08-05
CUST1127,Customer 128,Individual,US,Technology,Low,0,6332.81,2020-01-22
CUST1128,Customer 129,Individual,GB,Consulting,Low,0,2901.19,2019-11-03
CUST1129,Customer 130,Individual,US,Construction,High,0,9435.69,2020-12-09
CUST1130,Customer 131,Business,GB,Construction,High,0,1360.8,2024-12-14
CUST1131,Customer 132,Individual,US,Education,Medium,0,9648.74,2020-09-27
CUST1132,Customer 133,Individual,US,Retail,Low,0,2376.68,2025-03-10
CUST1133,Customer 134,Individual,US,Consulting,Low,0,597.53,2020-08-18
CUST1134,Customer 135,Business,MX,Logistics,Low,0,20394.55,2019-05-18
CUST1135,Customer 136,Individual,US,Student,Low,0,10154.93,2024-02-22
CUST1136,Customer 137,Business,US,Finance,Low,0,1861.76,2019-10-13
CUST1137,Customer 138,Individual,CA,Education,Low,0,4063.73,2019-10-01
CUST1138,Customer 139,Individual,US,Technology,Medium,0,3167.11,2022-07-05
CUST1139,Customer 140,Business,US,Hospitality,Low,1,3891.09,2020-05-08
CUST1140,Customer 141,Individual,US,Hospitality,Low,0,1388.34,2022-12-21
CUST1141,Customer 142,Individual,US,Hospitality,High,0,2337.95,2022-06-17
CUST1142,Customer 143,Individual,US,Hospitality,Low,0,4935.33,2023-09-10
CUST1143,Customer 144,Business,AE,Technology,Low,0,4208.04,2021-01-20
CUST1144,Customer 145,Individual,US,Retail,Low,0,7938.7,2020-11-01
CUST1145,Customer 146,Business,US,Healthcare,Medium,0,3834.67,2020-07-30
CUST1146,Customer 147,Individual,GB,Logistics,Medium,0,16764.09,2023-12-03
CUST1147,Customer 148,Individual,GB,Logistics,Low,0,2286.49,2021-06-15
CUST1148,Customer 149,Individual,US,Logistics,Medium,0,4309.45,2024-08-07
CUST1149,Customer 150,Business,NG,Construction,Low,0,1047.74,2022-04-19
CUST1150,Customer 151,Individual,US,Logistics,Low,0,1612.37,2024-03-20
CUST1151,Customer 152,Individual,CA,Logistics,Medium,0,8634.68,2023-06-07
CUST1152,Customer 153,Individual,GH,Retail,High,0,1972.74,2023-07-21
CUST1153,Customer 154,Individual,CA,Technology,Medium,0,5140.67,2025-05-22
CUST1154,Customer 155,Individual,CA,Logistics,Medium,0,3497.66,2021-12-23
CUST1155,Customer 156,Business,US,Hospitality,Low,0,1846.49,2024-08-08
CUST1156,Customer 157,Individual,US,Construction,Low,0,2903.4,2024-06-02
CUST1157,Customer 158,Individual,US,Logistics,High,0,2606.46,2021-10-28
CUST1158,Customer 159,Individual,GB,Student,Low,0,2652.38,2023-07-29
CUST1159,Customer 160,Individual,US,Logistics,Low,0,5942.26,2021-12-19
CUST1160,Customer 161,Individual,US,Technology,Medium,0,5563.73,2023-05-19
CUST1161,Customer 162,Business,GB,Technology,Medium,0,2501.57,2021-09-24
CUST1162,Customer 163,Business,US,Construction,Medium,0,2019.05,2022-03-29
CUST1163,Customer 164,Individual,US,Hospitality,Low,0,4374.38,2020-07-27
CUST1164,Customer 165,Individual,GH,Education,Low,0,3411.78,2023-03-06
CUST1165,Customer 166,Individual,US,Retail,Low,0,7103.79,2025-04-03
CUST1166,Customer 167,Individual,GH,Hospitality,Medium,0,20454.14,2021-04-29
CUST1167,Customer 168,Individual,NG,Consulting,High,0,6297.46,2019-06-14
CUST1168,Customer 169,Individual,US,Consulting,Low,0,3559.68,2023-08-27
CUST1169,Customer 170,Business,GB,Technology,Medium,0,3255.73,2020-05-06
CUST1170,Customer 171,Individual,US,Retail,Low,0,2086.3,2023-07-29
CUST1171,Customer 172,Individual,US,Education,Low,0,2019.62,2023-05-08
CUST1172,Customer 173,Individual,AE,Education,Low,0,1896.53,2025-03-27
CUST1173,Customer 174,Individual,US,Logistics,Low,1,2815.89,2022-11-15
CUST1174,Customer 175,Individual,US,Construction,Low,0,2758.26,2019-10-16
CUST1175,Customer 176,Individual,CA,Construction,Low,0,5904.23,2020-10-30
CUST1176,Customer 177,Individual,CA,Student,Medium,0,2809.19,2020-10-13
CUST1177,Customer 178,Individual,US,Construction,Low,0,3202.41,2025-02-26
CUST1178,Customer 179,Individual,US,Consulting,Medium,1,1649.33,2024-08-26
CUST1179,Customer 180,Individual,US,Student,High,0,10603.87,2021-09-09
CUST1180,Customer 181,Business,US,Student,Low,0,5062.12,2024-10-06
CUST1181,Customer 182,Individual,US,Retail,Low,0,11646.58,2022-12-02
CUST1182,Customer 183,Business,US,Construction,High,0,6111.79,2021-01-24
CUST1183,Customer 184,Individual,SG,Technology,Low,0,9587.96,2019-08-07
CUST1184,Customer 185,Business,US,Consulting,Low,0,3097.91,2025-01-01
CUST1185,Customer 186,Individual,US,Retail,Low,0,5803.14,2024-11-08
CUST1186,Customer 187,Individual,US,Technology,High,0,21132.75,2023-11-27
CUST1187,Customer 188,Individual,US,Healthcare,Low,0,1643.7,2019-09-05
CUST1188,Customer 189,Individual,MX,Healthcare,Low,0,7821.06,2022-08-31
CUST1189,Customer 190,Individual,AE,Technology,Low,0,10978.17,2021-08-03
CUST1190,Customer 191,Individual,US,Technology,Low,0,4787.35,2023-06-27
CUST1191,Customer 192,Individual,US,Hospitality,Low,0,5987.25,2024-10-26
CUST1192,Customer 193,Individual,AE,Education,High,0,8364.59,2022-07-09
CUST1193,Customer 194,Individual,US,Student,High,0,2355.03,2025-03-17
CUST1194,Customer 195,Individual,CA,Hospitality,Low,0,4775.8,2020-04-09
CUST1195,Customer 196,Individual,US,Hospitality,Low,0,2044.27,2024-12-09
CUST1196,Customer 197,Individual,AE,Hospitality,Low,0,2323.17,2024-09-26
CUST1197,Customer 198,Individual,US,Finance,Medium,0,2415.07,2024-06-09
CUST1198,Customer 199,Business,US,Consulting,Medium,0,3310.74,2025-04-04
CUST1199,Customer 200,Individual,US,Retail,Medium,0,4013.24,2020-07-13
CUST1200,Customer 201,Individual,US,Finance,Low,0,4919.55,2020-04-07
CUST1201,Customer 202,Individual,GH,Hospitality,Low,0,1417.87,2019-03-18
CUST1202,Customer 203,Individual,GH,Finance,Medium,0,13594.27,2023-12-23
CUST1203,Customer 204,Individual,US,Consulting,Low,0,7858.05,2021-12-20
CUST1204,Customer 205,Individual,NG,Consulting,Medium,0,5903.59,2020-12-01
CUST1205,Customer 206,Individual,US,Hospitality,Low,0,2869.1,2019-06-01
CUST1206,Customer 207,Individual,US,Technology,Low,0,3431.15,2020-09-26
CUST1207,Customer 208,Business,US,Logistics,High,0,5243.57,2025-04-24
CUST1208,Customer 209,Business,US,Student,Low,0,4788.33,2019-06-19
CUST1209,Customer 210,Individual,US,Hospitality,Low,0,1189.53,2019-01-20
CUST1210,Customer 211,Individual,GB,Construction,Low,0,5964.21,2020-08-26
CUST1211,Customer 212,Individual,NG,Healthcare,Medium,0,25396.35,2021-02-20
CUST1212,Customer 213,Individual,US,Construction,Low,0,1063.54,2020-04-21
CUST1213,Customer 214,Individual,GB,Hospitality,Low,0,7064.17,2020-05-02
CUST1214,Customer 215,Individual,GH,Consulting,Low,1,4656.53,2022-07-28
CUST1215,Customer 216,Individual,US,Construction,Low,0,3380.0,2019-02-02
CUST1216,Customer 217,Business,US,Healthcare,Low,0,9086.64,2025-06-13
CUST1217,Customer 218,Individual,CA,Healthcare,Low,0,1654.35,2022-04-12
CUST1218,Customer 219,Individual,US,Hospitality,Low,0,4058.67,2021-05-31
CUST1219,Customer 220,Individual,CA,Finance,Medium,0,9665.04,2019-07-02
CUST1220,Customer 221,Business,US,Logistics,Low,0,3192.74,2020-04-13
CUST1221,Customer 222,Individual,CA,Logistics,High,1,2754.47,2024-11-29
CUST1222,Customer 223,Individual,US,Hospitality,High,0,3931.14,2021-03-16
CUST1223,Customer 224,Individual,US,Healthcare,Low,0,2705.68,2023-07-09
CUST1224,Customer 225,Individual,US,Logistics,Low,0,10228.77,2020-01-28
CUST1225,Customer 226,Individual,CA,Hospitality,Medium,0,1986.84,2021-06-07
CUST1226,Customer 227,Individual,US,Logistics,Low,0,6522.45,2021-02-21
CUST1227,Customer 228,Individual,SG,Consulting,Medium,0,1577.59,2024-07-12
CUST1228,Customer 229,Business,US,Retail,Low,0,5692.6,2021-08-15
CUST1229,Customer 230,Individual,US,Construction,Medium,0,3394.56,2024-03-27
CUST1230,Customer 231,Individual,US,Construction,Low,0,648.16,2025-01-21
CUST1231,Customer 232,Individual,US,Education,Medium,0,3626.44,2021-02-22
CUST1232,Customer 233,Business,US,Consulting,High,0,1784.85,2020-05-21
CUST1233,Customer 234,Business,NG,Retail,Low,0,2705.64,2024-07-26
CUST1234,Customer 235,Individual,GB,Finance,Medium,0,10178.25,2025-02-03
CUST1235,Customer 236,Individual,US,Hospitality,Low,0,1725.76,2025-02-08
CUST1236,Customer 237,Individual,US,Construction,Low,0,1792.8,2019-11-14
CUST1237,Customer 238,Individual,US,Finance,Low,0,9533.56,2023-01-27
CUST1238,Customer 239,Individual,NG,Healthcare,Low,0,3934.26,2019-10-07
CUST1239,Customer 240,Business,US,Hospitality,Low,0,10199.31,2021-04-24
CUST1240,Customer 241,Individual,MX,Healthcare,Medium,0,4519.67,2021-09-03
CUST1241,Customer 242,Individual,CA,Healthcare,Low,0,2019.1,2024-12-01
CUST1242,Customer 243,Individual,CA,Logistics,Medium,0,3483.15,2023-10-26
CUST1243,Customer 244,Individual,NG,Logistics,High,0,8280.71,2025-03-12
CUST1244,Customer 245,Individual,GB,Finance,High,0,6828.62,2024-06-26
CUST1245,Customer 246,Individual,US,Student,High,0,3643.11,2021-04-13
CUST1246,Customer 247,Individual,US,Finance,Medium,0,3761.58,2024-09-07
CUST1247,Customer 248,Individual,US,Healthcare,Low,0,3377.17,2019-07-27
CUST1248,Customer 249,Business,US,Retail,High,0,2473.69,2020-04-28
CUST1249,Customer 250,Individual,US,Education,Low,0,13237.67,2024-09-13
CUST1250,Customer 251,Individual,US,Consulting,Medium,0,3658.49,2019-05-12
CUST1251,Customer 252,Individual,CA,Healthcare,High,0,1709.76,2023-05-15
CUST1252,Customer 253,Individual,US,Finance,Medium,0,2647.12,2024-11-09
CUST1253,Customer 254,Individual,US,Logistics,Low,0,5916.1,2020-07-10
CUST1254,Customer 255,Individual,US,Healthcare,Low,0,5589.88,2023-08-01
CUST1255,Customer 256,Individual,US,Student,Low,0,3322.09,2022-09-22
CUST1256,Customer 257,Individual,SG,Consulting,Low,0,2329.21,2023-08-12
CUST1257,Customer 258,Individual,US,Technology,Low,0,3699.59,2021-01-09
CUST1258,Customer 259,Individual,US,Hospitality,Low,0,1189.81,2019-10-06
CUST1259,Customer 260,Individual,US,Retail,Medium,0,1525.4,2025-01-15
CUST1260,Customer 261,Individual,US,Finance,High,0,6209.96,2019-09-07
CUST1261,Customer 262,Individual,US,Healthcare,Low,0,2643.08,2021-04-01
CUST1262,Customer 263,Individual,US,Construction,Low,0,4677.71,2019-01-03
CUST1263,Customer 264,Individual,US,Construction,Low,0,8218.85,2020-04-16
CUST1264,Customer 265,Individual,US,Construction,Low,0,5620.32,2023-04-14
CUST1265,Customer 266,Individual,NG,Student,Low,0,3691.45,2019-04-14
CUST1266,Customer 267,Business,US,Student,Medium,0,15096.05,2020-06-08
CUST1267,Customer 268,Individual,US,Technology,Low,0,5688.63,2021-04-02
CUST1268,Customer 269,Individual,US,Consulting,Low,0,2872.97,2021-03-07
CUST1269,Customer 270,Business,US,Healthcare,Low,0,5938.74,2025-07-02
CUST1270,Customer 271,Individual,GH,Healthcare,Medium,0,4781.81,2020-03-23
CUST1271,Customer 272,Individual,US,Construction,Low,0,2054.95,2020-06-08
CUST1272,Customer 273,Individual,MX,Student,Low,0,3822.88,2023-12-26
CUST1273,Customer 274,Business,AE,Hospitality,Low,0,3260.85,2022-01-04
CUST1274,Customer 275,Individual,CA,Hospitality,High,0,978.47,2022-04-09
CUST1275,Customer 276,Individual,US,Consulting,Low,0,3244.73,2025-05-22
CUST1276,Customer 277,Individual,CA,Construction,Medium,0,3013.37,2020-05-08
CUST1277,Customer 278,Individual,US,Construction,Low,0,2716.46,2019-01-17
CUST1278,Customer 279,Individual,NG,Finance,High,0,1212.92,2024-10-13
CUST1279,Customer 280,Business,US,Healthcare,Low,0,2872.61,2020-12-09
CUST1280,Customer 281,Individual,MX,Logistics,Low,0,3545.66,2021-02-07
CUST1281,Customer 282,Individual,AE,Retail,High,0,3897.6,2024-05-24
CUST1282,Customer 283,Individual,US,Hospitality,Medium,0,1704.82,2023-02-07
CUST1283,Customer 284,Individual,US,Student,Low,0,5556.08,2019-08-18
CUST1284,Customer 285,Individual,US,Consulting,Low,0,1616.01,2024-11-13
CUST1285,Customer 286,Individual,GH,Consulting,High,0,3135.28,2025-02-05
CUST1286,Customer 287,Individual,MX,Logistics,Low,0,8708.7,2019-01-21
CUST1287,Customer 288,Individual,SG,Healthcare,Low,0,2292.41,2024-06-25
CUST1288,Customer 289,Individual,US,Construction,High,0,2588.28,2020-02-27
CUST1289,Customer 290,Business,CA,Logistics,Low,0,7459.02,2019-12-10
CUST1290,Customer 291,Individual,CA,Education,Low,0,2817.02,2024-01-10
CUST1291,Customer 292,Individual,US,Retail,Low,0,2985.68,2022-11-22
CUST1292,Customer 293,Individual,MX,Logistics,Low,0,4220.81,2021-11-14
CUST1293,Customer 294,Individual,US,Consulting,Low,0,7339.11,2022-08-26
CUST1294,Customer 295,Individual,US,Education,Medium,0,835.47,2020-04-26
CUST1295,Customer 296,Business,US,Technology,Low,0,2093.81,2023-07-23
CUST1296,Customer 297,Business,US,Construction,Low,0,1858.09,2021-05-04
CUST1297,Customer 298,Business,GB,Logistics,Medium,0,1764.52,2021-01-06
CUST1298,Customer 299,Individual,GB,Hospitality,Medium,0,2057.9,2022-09-03
CUST1299,Customer 300,Individual,US,Healthcare,Low,0,2079.73,2021-07-10
